1,924,940,922,933,919,933,924,935,0
2,924,940,922,933,919,932,925,935,0
3,925,940,921,934,919,932,924,935,0
4,924,940,922,934,919,932,924,936,0
5,924,940,921,934,919,932,924,935,0
6,924,940,922,933,919,932,924,935,0
7,924,940,922,933,919,932,924,935,0
8,924,940,921,934,919,933,924,935,0
9,925,940,922,934,919,932,924,935,0
10,924,940,922,933,920,931,924,935,0
11,924,941,922,934,919,933,925,936,0
12,924,940,921,934,919,932,924,936,0
13,931,952,926,944,922,943,930,948,4
14,933,958,928,951,924,948,933,953,4
15,934,959,928,952,925,949,933,954,164
16,938,969,932,960,929,958,938,963,240
17,943,982,937,973,934,969,943,975,356
18,947,988,940,979,937,975,947,982,496
19,951,999,944,989,942,985,952,992,592
20,956,1010,949,1000,946,994,957,1003,708
21,958,1012,950,1001,947,996,958,1005,708
22,959,1017,951,1007,948,1002,960,1010,838
23,974,1049,964,1037,963,1031,975,1040,998
24,978,1060,967,1048,966,1041,980,1052,1332
25,986,1078,975,1063,975,1057,989,1069,1476
26,997,1103,986,1088,985,1082,1001,1093,1714
27,1004,1120,991,1104,992,1097,1008,1110,1988
28,1008,1126,995,1111,996,1103,1013,1116,1988
29,1022,1159,1008,1143,1011,1136,1028,1149,2284
30,1036,1191,1021,1175,1025,1167,1043,1180,2780
31,1044,1211,1027,1193,1034,1185,1052,1200,3126
32,1044,1210,1028,1192,1034,1185,1053,1199,3126
33,1051,1224,1033,1207,1040,1199,1059,1214,3326
34,1049,1223,1033,1204,1039,1196,1057,1210,3470
35,1030,1180,1019,1167,1022,1158,1036,1169,3384
36,1015,1147,1005,1132,1007,1123,1020,1136,2870
37,998,1109,989,1096,990,1088,1002,1099,2442
38,978,1063,971,1052,969,1044,980,1055,1978
39,969,1040,961,1029,960,1022,970,1031,1460
40,957,1014,951,1005,948,998,957,1007,1120
41,947,994,943,986,940,980,948,988,866
42,941,978,936,971,933,965,941,971,628
43,936,967,933,960,929,956,936,961,440
44,932,960,929,954,926,949,932,955,324
45,928,952,926,946,922,943,928,947,220
46,926,944,923,939,919,935,926,940,140
47,924,942,921,936,919,933,924,937,58
48,924,941,921,935,919,932,923,936,22
49,923,941,921,935,918,932,924,936,12
50,926,944,923,938,919,935,926,940,16
51,931,953,926,946,922,943,931,948,76
52,930,954,926,947,922,944,930,949,158
53,930,953,926,946,923,943,931,949,158
54,938,971,933,963,930,960,939,966,222
55,947,993,940,984,938,979,949,987,430
56,954,1007,947,997,944,991,955,1000,648
57,955,1009,947,999,944,992,956,1002,648
58,961,1023,952,1011,951,1005,963,1015,836
59,968,1037,959,1025,956,1019,970,1030,1004
60,975,1054,964,1041,964,1035,977,1045,1184
61,979,1063,968,1049,967,1042,982,1053,1368
62,986,1078,974,1064,975,1056,990,1069,1514
63,990,1087,979,1073,979,1066,994,1079,1684
64,992,1091,980,1076,979,1069,995,1082,1684
65,997,1104,984,1089,985,1082,1001,1095,1840
66,1009,1132,995,1117,998,1108,1015,1123,2070
67,1008,1129,994,1115,997,1105,1014,1120,2320
68,1017,1151,1003,1136,1006,1128,1024,1141,2370
69,1020,1155,1004,1138,1008,1131,1025,1144,2370
70,1027,1174,1012,1158,1016,1149,1035,1163,2628
71,1034,1188,1019,1172,1024,1164,1041,1178,2894
72,1042,1208,1027,1191,1033,1183,1051,1197,3092
73,1043,1207,1027,1192,1032,1183,1051,1196,3276
74,1024,1168,1014,1155,1017,1145,1031,1158,3160
75,1009,1134,999,1121,1001,1112,1015,1123,2738
76,991,1092,983,1080,983,1072,994,1083,2322
77,981,1071,974,1060,972,1051,984,1061,1856
78,975,1054,967,1043,966,1035,976,1045,1570
79,967,1039,960,1030,959,1022,968,1031,1376
80,965,1034,960,1024,957,1017,967,1025,1376
81,952,1006,947,997,944,990,953,998,1118
82,944,988,940,981,936,975,945,981,778
83,939,975,935,969,932,963,939,969,568
84,934,965,931,959,928,954,934,960,426
85,928,952,926,947,923,943,929,948,270
86,938,972,933,964,929,960,939,967,192
87,948,994,942,985,939,979,949,988,466
88,956,1013,948,1003,947,996,958,1006,720
89,967,1039,959,1026,957,1020,969,1030,948
90,974,1052,963,1040,963,1032,976,1044,948
91,984,1073,972,1060,972,1052,987,1065,1328
92,1000,1109,987,1095,988,1087,1005,1101,1740
93,1015,1144,1000,1129,1004,1120,1020,1135,2146
94,1026,1171,1011,1156,1015,1147,1033,1161,2612
95,1048,1221,1031,1204,1039,1196,1057,1211,2972
96,1060,1251,1043,1233,1052,1224,1071,1239,3510
97,1039,1203,1026,1189,1031,1179,1046,1191,3758
98,1026,1174,1016,1160,1020,1151,1032,1163,3174
99,1017,1151,1006,1137,1009,1128,1022,1140,2806
100,993,1097,984,1086,984,1076,997,1087,2418
101,979,1066,971,1055,970,1047,982,1057,1926
102,965,1036,959,1025,956,1017,967,1027,1500
103,954,1010,949,1000,946,993,956,1002,1124
104,944,988,939,980,937,973,945,981,844
105,934,966,931,960,927,954,935,960,538
106,934,963,930,958,927,952,934,958,538
107,929,955,927,949,923,944,929,950,316
108,927,950,925,944,922,940,927,945,192
109,927,950,924,945,922,940,928,945,192
110,927,951,925,945,922,941,928,947,146
111,940,975,934,967,931,962,940,969,210
112,953,1006,945,997,944,990,955,1000,514
113,959,1022,951,1011,950,1004,961,1014,828
114,977,1060,967,1048,966,1040,981,1052,1060
115,982,1071,971,1059,971,1050,985,1062,1486
116,995,1101,983,1087,984,1079,999,1092,1672
117,996,1105,984,1091,985,1082,1001,1096,1672
118,1006,1125,992,1111,995,1102,1011,1116,2010
119,1015,1146,1000,1131,1004,1121,1022,1136,2304
120,1020,1156,1005,1141,1009,1131,1026,1146,2576
121,1036,1195,1021,1178,1026,1168,1044,1184,2770
122,1040,1205,1025,1190,1032,1181,1049,1195,3168
123,1036,1198,1024,1184,1030,1174,1044,1186,3272
124,1025,1171,1014,1158,1018,1148,1031,1160,3136
125,1011,1140,1001,1128,1003,1118,1016,1130,2766
126,997,1105,988,1094,988,1084,1000,1096,2438
127,988,1085,979,1074,979,1065,991,1076,2012
128,984,1080,976,1069,976,1059,988,1071,1828
129,984,1079,976,1068,976,1059,988,1071,1828
130,976,1059,968,1048,967,1039,978,1050,1690
131,968,1042,961,1032,960,1024,970,1033,1474
132,956,1016,951,1008,949,999,958,1008,1240
133,945,991,941,983,939,976,946,984,930
134,939,977,935,971,932,963,939,971,642
135,931,960,928,955,926,948,931,954,432
136,926,946,923,942,920,936,926,942,244
137,923,941,921,936,918,931,924,936,106
138,921,938,919,933,917,929,922,934,34
139,921,938,919,933,917,928,922,933,6
140,921,937,919,933,916,928,922,934,0
141,924,943,920,938,918,933,924,939,8
142,924,943,922,938,919,933,926,939,8
143,929,953,925,947,922,942,930,949,84
144,935,964,929,958,927,952,935,960,204
145,943,981,935,974,933,967,943,975,360
146,944,984,937,976,934,970,944,977,360
147,949,999,943,991,939,984,951,992,554
148,963,1028,954,1018,952,1010,965,1022,814
149,973,1051,963,1039,961,1031,976,1043,1124
150,982,1072,971,1059,971,1051,985,1063,1388
151,993,1096,981,1082,982,1073,997,1087,1676
152,995,1100,983,1087,983,1078,1000,1091,1676
153,1004,1120,991,1106,992,1096,1009,1111,1988
154,1020,1157,1005,1142,1008,1131,1026,1146,2306
155,1031,1182,1016,1166,1020,1156,1038,1171,2726
156,1038,1199,1022,1183,1027,1173,1046,1188,3006
157,1028,1177,1016,1164,1020,1153,1034,1167,3176
158,1016,1151,1005,1137,1008,1127,1021,1139,2912
159,996,1105,986,1094,987,1084,1000,1096,2498
160,995,1102,986,1091,986,1080,999,1092,2498
161,988,1087,979,1075,979,1065,991,1077,2060
162,976,1059,968,1049,967,1039,979,1050,1730
163,968,1041,960,1031,959,1022,969,1032,1440
164,955,1011,949,1003,946,994,956,1003,1176
165,946,992,941,984,938,977,946,985,854
166,940,980,936,973,933,966,941,973,640
167,934,966,930,960,927,953,935,960,486
168,929,955,926,949,923,943,929,949,318
169,924,944,921,939,919,934,924,939,182
170,921,939,919,934,917,929,922,934,68
171,922,937,919,933,917,928,922,933,18
172,922,938,920,934,917,929,923,935,8
173,922,938,919,933,917,929,923,934,8
174,928,950,924,944,920,939,928,945,32
175,932,963,927,956,925,950,934,958,164
176,940,976,934,970,931,963,941,971,324
177,940,978,934,970,931,963,941,972,324
178,948,994,941,985,938,979,949,988,488
179,949,999,942,990,939,982,951,991,488
180,957,1015,949,1006,947,998,959,1008,720
181,959,1018,950,1008,948,999,960,1010,720
182,965,1030,955,1019,953,1011,966,1022,960
183,965,1032,955,1022,954,1014,967,1024,960
184,975,1055,964,1043,963,1034,977,1047,1142
185,989,1086,977,1073,977,1064,992,1077,1452
186,1004,1121,991,1107,992,1098,1008,1112,1858
187,1006,1125,993,1111,995,1102,1011,1116,1858
188,1016,1147,1001,1132,1004,1122,1022,1137,2262
189,1024,1169,1009,1153,1014,1144,1031,1159,2578
190,1031,1184,1016,1168,1020,1158,1039,1173,2852
191,1035,1192,1019,1176,1024,1167,1043,1182,3020
192,1025,1173,1014,1159,1017,1148,1031,1162,3094
193,1017,1152,1006,1140,1009,1129,1022,1142,2846
194,1007,1129,996,1118,998,1107,1011,1119,2590
195,999,1113,990,1102,990,1091,1004,1103,2320
196,993,1100,984,1089,984,1078,997,1089,2122
197,986,1084,977,1073,977,1063,989,1074,1968
198,974,1056,966,1046,965,1036,976,1047,1708
199,955,1011,949,1003,947,994,956,1004,1260
200,954,1011,948,1002,945,994,955,1003,1260
201,947,996,943,989,940,981,949,990,890
202,943,985,938,979,935,971,943,979,708
203,936,969,931,964,928,956,936,963,554
204,931,958,927,953,925,947,931,952,360
205,931,959,927,954,925,947,931,954,360
206,931,959,927,954,924,947,932,953,264
207,938,975,931,967,929,960,939,968,292
208,947,993,940,986,937,978,948,987,484
209,948,995,940,987,939,980,949,988,484
210,957,1016,949,1007,947,998,960,1008,736
211,968,1042,958,1031,958,1022,970,1034,1024
212,972,1049,961,1039,961,1029,975,1041,1024
213,982,1071,970,1058,971,1049,984,1062,1308
214,993,1096,980,1083,982,1074,997,1087,1644
215,993,1098,981,1085,982,1075,998,1088,1644
216,1008,1130,994,1116,997,1106,1014,1120,2016
217,1022,1162,1007,1148,1011,1136,1028,1152,2374
218,1037,1197,1020,1181,1026,1171,1044,1186,2800
219,1038,1199,1021,1183,1028,1173,1047,1188,2800
220,1048,1223,1031,1206,1038,1196,1057,1212,3230
221,1038,1201,1025,1188,1031,1178,1046,1191,3466
222,1023,1167,1012,1153,1015,1143,1028,1155,3194
223,997,1109,988,1098,989,1087,1001,1100,2680
224,984,1079,975,1068,975,1057,987,1069,2076
225,982,1072,974,1062,973,1052,984,1063,2076
226,969,1046,962,1036,960,1026,971,1037,1678
227,968,1043,961,1034,960,1024,970,1034,1678
228,956,1015,950,1006,947,998,958,1007,1274
229,945,994,940,986,938,979,947,987,930
230,939,975,934,969,931,961,939,968,654
231,928,953,925,949,923,942,928,948,424
232,926,946,922,942,920,936,926,942,206
233,923,942,920,937,918,931,924,936,124
234,921,938,919,933,917,928,923,934,48
235,925,946,921,941,918,935,926,941,28
236,936,968,930,962,928,955,937,963,152
237,945,988,938,980,936,973,946,982,408
238,957,1016,948,1008,947,999,959,1009,672
239,965,1033,956,1023,954,1014,967,1026,974
240,967,1039,958,1029,957,1020,970,1032,974
241,972,1050,962,1039,962,1030,975,1042,1242
242,988,1088,977,1075,977,1066,992,1080,1412
243,1010,1137,997,1123,1000,1112,1016,1127,1930
244,1030,1181,1015,1166,1020,1155,1038,1171,2538
245,1031,1184,1016,1169,1021,1158,1039,1174,2538
246,1041,1208,1025,1192,1031,1183,1050,1198,3022
247,1025,1174,1014,1161,1019,1150,1032,1163,3280
248,1025,1171,1014,1159,1018,1148,1031,1160,3280
249,1014,1148,1003,1136,1006,1124,1020,1137,2898
250,997,1108,988,1096,989,1087,1001,1098,2510
251,985,1083,977,1072,977,1062,990,1073,2084
252,980,1069,972,1059,971,1048,983,1059,1738
253,979,1067,971,1056,970,1046,982,1057,1738
254,967,1040,960,1032,959,1023,969,1032,1558
255,959,1020,952,1012,951,1002,960,1012,1252
256,955,1014,950,1006,947,997,957,1006,1252
257,948,996,943,990,940,981,948,989,946
258,939,977,935,971,931,963,939,971,690
259,934,966,930,960,928,953,935,960,482
260,933,964,929,959,927,952,933,958,482
261,926,948,923,943,920,936,927,943,308
262,925,945,922,941,920,935,925,941,308
263,924,942,920,937,919,931,924,937,124
264,926,945,921,940,919,935,926,941,74
265,928,952,924,947,921,941,929,948,118
266,939,977,933,971,931,963,941,972,228
267,941,980,935,974,932,965,943,975,228
268,948,995,940,987,938,979,949,989,500
269,950,1002,943,993,941,985,952,995,500
270,963,1030,954,1020,953,1010,965,1022,790
271,971,1047,961,1036,961,1027,974,1039,1110
272,992,1093,979,1081,980,1071,996,1086,1394
273,1012,1141,999,1126,1001,1116,1019,1131,1996
274,1025,1172,1010,1157,1015,1146,1032,1162,2526
275,1029,1181,1014,1166,1019,1155,1037,1170,2890
276,1007,1131,996,1119,999,1108,1011,1121,2860
277,1005,1127,995,1116,997,1105,1009,1117,2860
278,990,1090,981,1080,981,1069,993,1081,2316
279,967,1040,960,1031,959,1021,969,1032,1808
280,946,994,942,988,939,979,948,987,1198
281,936,972,932,966,929,959,936,966,674
282,926,947,922,943,920,937,926,943,366
283,924,941,920,937,918,931,924,936,124
284,924,942,920,937,918,931,924,937,62
285,924,944,920,939,918,933,924,939,80
286,929,956,926,951,924,945,931,951,96
287,935,966,928,960,926,952,935,961,224
288,944,990,938,982,935,975,946,983,402
289,945,991,938,983,936,975,946,984,402
290,950,999,943,992,941,984,951,993,624
291,961,1027,953,1018,952,1009,964,1020,812
292,961,1027,953,1017,952,1008,963,1019,1086
293,980,1070,969,1058,969,1048,984,1061,1144
294,980,1071,969,1059,970,1049,984,1061,1568
295,981,1070,970,1059,970,1048,984,1061,1568
296,987,1085,975,1073,977,1063,992,1077,1616
297,991,1093,980,1081,981,1071,996,1085,1826
298,975,1058,967,1049,967,1039,977,1050,1866
299,952,1009,947,1001,945,992,954,1001,1386
300,944,991,941,985,938,976,945,984,824
301,936,972,932,967,930,960,937,966,588
302,924,945,922,941,919,935,924,940,382
303,925,945,922,941,920,936,926,940,132
304,920,936,917,931,915,926,921,931,56
305,919,935,917,931,915,926,920,932,0
306,920,936,917,931,915,926,920,932,0
307,920,938,918,933,916,927,921,933,0
308,922,939,919,935,917,929,922,935,24
309,937,969,930,963,927,955,937,964,54
310,940,976,934,970,931,962,940,971,338
311,955,1010,947,1001,944,992,956,1003,670
312,977,1058,967,1047,965,1037,979,1050,1012
313,982,1071,971,1059,971,1049,984,1063,1464
314,1006,1127,992,1113,993,1103,1011,1117,1914
315,1008,1129,994,1116,995,1105,1013,1120,2308
316,1010,1134,996,1120,998,1109,1016,1124,2308
317,1028,1176,1013,1162,1018,1151,1036,1166,2542
318,1027,1175,1012,1160,1017,1149,1035,1164,2924
319,1046,1217,1029,1201,1036,1191,1055,1207,2988
320,1045,1217,1028,1201,1036,1191,1054,1206,2988
321,1045,1216,1029,1199,1035,1188,1054,1204,3410
322,1025,1175,1015,1161,1018,1150,1032,1163,3400
323,1011,1141,1000,1128,1002,1117,1016,1130,2816
324,991,1095,981,1084,982,1072,994,1084,2360
325,982,1074,973,1064,972,1052,984,1064,1914
326,980,1071,972,1059,971,1048,983,1061,1914
327,969,1044,961,1035,960,1024,970,1035,1660
328,952,1007,946,999,944,990,953,999,1236
329,952,1006,946,998,944,988,953,997,890
330,948,998,943,992,941,982,949,991,890
331,939,977,935,971,931,963,939,971,770
332,927,950,924,945,920,939,927,944,460
333,920,936,918,932,916,926,921,932,130
334,920,937,917,933,916,927,921,932,10
335,920,936,918,933,916,927,921,932,10
336,920,936,917,932,916,927,921,932,10
337,926,946,921,941,919,935,927,941,14
338,938,974,932,967,929,960,939,968,150
339,946,992,939,984,936,976,947,985,536
340,951,1002,943,994,940,985,952,996,666
341,966,1037,957,1027,956,1017,968,1030,806
342,972,1051,962,1039,961,1029,975,1042,806
343,992,1095,979,1083,980,1072,996,1086,1336
344,1001,1115,988,1101,990,1091,1007,1105,1988
345,1022,1161,1007,1147,1010,1136,1028,1151,2292
346,1022,1161,1008,1147,1011,1136,1028,1151,2726
347,1027,1176,1012,1160,1017,1150,1035,1165,2746
348,1044,1215,1027,1198,1035,1187,1054,1203,3118
349,1044,1215,1027,1198,1035,1187,1053,1203,3118
350,1044,1212,1026,1197,1034,1185,1053,1202,3396
351,1042,1212,1027,1196,1033,1185,1051,1201,3378
352,1004,1125,994,1113,995,1102,1008,1114,3184
353,987,1084,977,1073,978,1063,990,1074,2194
354,953,1008,947,1000,944,990,954,1000,1530
355,939,977,934,971,931,962,939,971,820
356,935,970,931,964,928,956,936,963,470
357,935,970,931,964,928,956,936,963,470
358,926,948,923,944,920,937,926,944,344
359,920,935,917,931,915,924,921,930,100
360,920,935,917,931,916,925,921,930,0
361,920,935,917,931,915,926,920,931,0
362,927,950,922,945,919,938,928,945,10
363,938,972,931,966,928,958,938,966,276
364,937,972,931,966,928,958,938,966,276
365,946,991,939,983,936,975,947,984,436
366,961,1027,952,1017,950,1008,963,1019,750
367,961,1027,952,1016,951,1007,963,1018,1086
368,967,1037,956,1026,954,1016,968,1029,1086
369,997,1106,985,1093,986,1083,1002,1096,1392
370,997,1104,984,1092,985,1080,1000,1095,2028
371,1018,1152,1003,1138,1006,1127,1023,1142,2086
372,1027,1175,1012,1160,1017,1150,1035,1165,2712
373,1027,1176,1012,1160,1016,1149,1034,1164,2712
374,1027,1175,1012,1159,1016,1148,1035,1163,2918
375,1046,1216,1028,1200,1035,1189,1055,1205,2978
376,1043,1213,1027,1197,1034,1186,1052,1202,3378
377,1027,1176,1016,1164,1020,1151,1033,1165,3378
378,1004,1124,993,1113,995,1100,1009,1114,2814
379,973,1054,965,1044,963,1032,975,1044,2182
380,943,984,936,978,934,968,942,977,1206
381,926,950,922,945,920,938,927,945,502
382,924,944,920,940,918,932,924,939,160
383,924,944,920,940,918,933,924,939,104
384,924,944,920,940,918,933,924,939,104
385,923,943,919,939,916,932,923,938,108
386,919,935,916,931,915,925,920,931,52
387,919,935,916,931,915,924,920,931,0
388,921,936,918,931,915,926,922,931,0
389,920,936,917,932,915,926,921,932,0
390,925,944,920,940,918,933,925,939,22
391,934,965,928,958,925,951,935,958,158
392,944,990,936,982,935,974,945,983,406
393,953,1006,944,996,942,988,954,999,678
394,959,1021,950,1011,948,1001,961,1013,840
395,978,1063,967,1052,966,1040,981,1055,1094
396,998,1108,984,1095,985,1084,1002,1099,1628
397,1000,1112,987,1099,989,1088,1005,1103,1628
398,999,1111,986,1098,988,1087,1004,1102,2090
399,1009,1135,995,1120,997,1109,1015,1125,2132
400,1011,1136,996,1123,999,1111,1016,1127,2384
401,1011,1137,996,1123,999,1112,1016,1127,2384
402,1009,1135,996,1121,998,1110,1015,1124,2432
403,1021,1161,1006,1147,1010,1135,1028,1150,2422
404,1023,1165,1008,1151,1011,1138,1029,1154,2422
405,1027,1177,1012,1162,1018,1151,1035,1167,2774
406,1027,1177,1012,1162,1016,1151,1035,1166,2942
407,1015,1149,1004,1136,1006,1124,1020,1138,2922
408,976,1061,967,1052,967,1040,979,1052,2326
409,949,999,943,992,940,982,950,992,1442
410,940,980,935,974,932,964,940,972,756
411,926,947,922,943,919,935,926,942,484
412,919,935,917,931,914,924,920,931,124
413,919,935,916,930,915,924,920,930,0
414,919,935,916,931,915,924,920,930,0
415,920,935,917,930,915,924,920,930,0
416,920,935,916,931,915,924,920,930,0
417,920,935,917,931,915,925,920,931,0
418,920,935,917,931,915,924,921,930,0
419,921,939,918,935,916,928,922,934,0
420,923,939,919,935,917,928,923,935,38
421,927,946,921,942,919,935,927,941,54
422,932,961,926,955,924,948,933,956,180
423,932,960,927,955,924,947,933,956,298
424,938,974,931,967,929,959,939,968,306
425,952,1005,944,996,943,987,954,997,528
426,952,1004,944,995,942,986,952,997,814
427,958,1021,950,1011,948,1002,960,1013,830
428,969,1043,960,1032,959,1023,972,1035,1148
429,981,1071,970,1059,970,1048,985,1063,1304
430,986,1082,974,1070,975,1059,990,1073,1664
431,1001,1116,988,1103,990,1092,1007,1107,1782
432,1003,1122,991,1107,992,1097,1008,1112,1782
433,1004,1121,990,1108,993,1097,1009,1112,2172
434,1004,1121,990,1108,992,1096,1009,1112,2258
435,1025,1171,1010,1155,1015,1144,1032,1160,2432
436,1028,1177,1012,1163,1018,1151,1035,1167,2874
437,1027,1176,1012,1161,1017,1151,1035,1167,2946
438,997,1110,988,1098,989,1087,1001,1100,2900
439,992,1097,982,1087,983,1074,995,1087,2900
440,973,1054,965,1044,964,1033,975,1044,2052
441,952,1007,946,999,943,989,952,998,1324
442,940,979,935,973,933,964,940,973,794
443,928,953,925,949,922,942,929,948,468
444,922,939,919,936,916,928,922,934,190
445,920,934,917,931,916,925,921,930,40
446,919,935,916,930,915,924,920,930,0
447,920,934,918,931,915,924,920,930,0
448,923,940,919,935,917,928,923,935,8
449,922,940,919,935,917,928,923,934,8
450,930,956,924,950,921,943,929,950,68
451,945,990,938,982,936,973,946,983,326
452,961,1024,952,1016,950,1005,962,1017,724
453,976,1058,964,1047,964,1036,979,1049,1104
454,998,1108,985,1095,986,1084,1002,1099,1610
455,1005,1125,991,1111,993,1100,1010,1115,2112
456,1012,1143,999,1128,1001,1117,1019,1132,2328
457,1014,1146,999,1132,1003,1120,1020,1135,2502
458,1023,1166,1008,1151,1012,1139,1030,1155,2644
459,1027,1175,1011,1160,1016,1149,1034,1165,2840
460,1031,1185,1016,1170,1021,1159,1039,1174,2946
461,1038,1201,1023,1185,1027,1175,1046,1190,3092
462,1039,1204,1023,1188,1030,1176,1048,1192,3238
463,1034,1195,1022,1182,1027,1169,1041,1183,3268
464,1033,1191,1021,1178,1026,1165,1039,1180,3268
465,1009,1137,999,1126,1001,1114,1015,1127,3062
466,1002,1120,992,1109,993,1096,1006,1109,2466
467,977,1066,969,1056,969,1044,980,1056,2144
468,977,1064,968,1055,968,1043,979,1055,2144
469,961,1027,953,1020,952,1008,962,1020,1526
470,947,996,941,989,938,979,947,988,1034
471,944,990,939,984,936,974,944,982,1034
472,940,980,935,975,933,965,940,974,698
473,931,960,927,956,924,948,931,955,506
474,924,946,922,943,919,934,925,941,296
475,920,936,918,932,915,925,921,931,114
476,919,935,916,931,914,924,920,930,20
477,919,934,916,931,915,924,920,929,0
478,919,935,916,930,915,924,920,929,0
479,919,934,916,931,914,925,920,930,0
480,923,941,919,936,916,929,924,936,0
481,926,946,920,941,918,933,926,941,80
482,927,949,922,943,919,936,927,943,128
483,932,962,927,956,925,948,933,956,204
484,940,976,933,969,929,960,940,970,334
485,940,978,932,971,931,963,941,972,486
486,946,992,939,985,936,976,947,985,552
487,950,1002,943,994,940,984,952,995,672
488,955,1012,947,1003,944,993,957,1004,826
489,960,1024,951,1015,950,1004,962,1016,972
490,971,1048,961,1038,960,1027,974,1040,1124
491,979,1065,967,1054,968,1043,982,1056,1372
492,987,1084,975,1072,975,1060,991,1074,1552
493,992,1095,979,1082,980,1071,995,1086,1822
494,1004,1123,991,1110,992,1097,1008,1112,1928
495,1007,1128,992,1115,995,1103,1012,1118,1928
496,1008,1129,993,1116,997,1104,1012,1120,2286
497,1020,1163,1007,1148,1011,1136,1027,1152,2386
498,1020,1160,1006,1146,1009,1134,1026,1150,2720
499,1019,1159,1006,1145,1009,1133,1025,1149,2734
500,1035,1195,1020,1180,1025,1168,1043,1184,2814
501,1036,1197,1020,1181,1026,1169,1044,1185,2814
502,1035,1194,1020,1180,1025,1167,1043,1183,3138
503,1026,1176,1015,1164,1019,1151,1031,1165,3114
504,1019,1161,1008,1150,1011,1136,1024,1150,2928
505,1019,1160,1009,1149,1012,1135,1024,1150,2928
506,1012,1145,1002,1134,1004,1121,1016,1135,2722
507,1003,1125,993,1114,996,1102,1008,1114,2514
508,999,1113,990,1103,990,1090,1002,1103,2280
509,983,1080,975,1070,975,1057,986,1070,2122
510,959,1023,952,1016,950,1005,960,1015,1604
511,949,1000,944,993,942,983,950,992,1044
512,947,996,942,990,939,980,947,989,788
513,942,984,936,978,934,968,943,976,750
514,927,952,924,948,921,940,928,946,556
515,919,935,917,931,915,925,920,931,182
516,919,934,916,929,915,924,920,929,16
517,919,934,915,931,914,924,919,929,0
518,919,935,916,931,915,924,920,930,0
519,920,936,917,932,915,925,921,931,0
520,925,944,919,940,918,932,926,940,18
521,926,946,920,941,918,933,926,941,18
522,930,956,924,952,922,944,931,951,160
523,939,976,932,969,929,960,939,970,296
524,957,1018,949,1008,947,998,958,1010,592
525,982,1072,970,1060,970,1048,985,1062,1106
526,994,1100,981,1087,983,1076,998,1091,1648
527,995,1101,982,1088,984,1077,999,1092,1648
528,1007,1129,993,1116,996,1104,1012,1119,2016
529,1027,1176,1012,1161,1016,1150,1034,1165,2464
530,1053,1235,1035,1219,1043,1208,1062,1223,3100
531,1068,1270,1050,1253,1060,1241,1080,1258,3800
532,1067,1268,1049,1251,1059,1240,1078,1255,4102
533,1068,1269,1048,1252,1058,1240,1078,1256,4102
534,1076,1287,1056,1270,1069,1258,1087,1274,4172
535,1031,1190,1020,1178,1025,1165,1038,1178,4172
536,1004,1123,993,1112,995,1099,1008,1113,2968
537,983,1076,974,1066,974,1054,985,1066,2150
538,960,1025,952,1018,952,1006,961,1017,1688
539,944,992,939,985,937,975,944,984,1038
540,945,991,940,985,937,975,945,984,1038
541,936,975,932,970,929,960,937,967,690
542,930,960,927,956,924,946,931,953,454
543,927,951,923,947,921,938,927,945,294
544,922,940,919,937,917,928,923,935,182
545,920,936,916,933,915,926,920,931,76
546,921,939,918,935,915,927,922,935,28
547,933,964,927,959,926,950,934,958,124
548,935,970,929,963,928,955,936,965,376
549,940,978,933,972,931,963,941,974,426
550,963,1030,954,1021,953,1011,965,1023,674
551,963,1030,952,1020,952,1010,965,1023,1132
552,966,1039,957,1031,957,1019,969,1032,1132
553,993,1099,981,1087,983,1075,998,1089,1362
554,992,1097,980,1085,982,1073,997,1088,1962
555,1014,1144,999,1132,1004,1119,1020,1135,2110
556,1012,1144,999,1130,1002,1119,1019,1133,2538
557,1027,1175,1011,1160,1017,1148,1034,1164,2568
558,1035,1196,1020,1181,1026,1169,1043,1184,3022
559,1035,1193,1019,1180,1025,1167,1043,1183,3178
560,1021,1165,1010,1154,1014,1141,1027,1155,3162
561,1018,1160,1007,1148,1011,1136,1024,1149,3162
562,998,1110,987,1099,989,1087,1001,1100,2772
563,978,1065,970,1055,969,1043,980,1055,2032
564,959,1022,952,1015,951,1004,960,1014,1444
565,943,988,937,982,936,972,944,981,990
566,928,957,925,952,923,944,929,951,578
567,922,941,919,937,917,929,922,936,252
568,918,934,915,930,915,923,919,929,60
569,919,934,915,929,915,923,920,929,0
570,918,933,916,929,915,923,920,929,0
571,919,935,916,932,915,924,920,930,0
572,921,940,917,935,916,928,922,935,28
573,928,953,924,949,921,940,929,948,100
574,937,974,931,967,928,957,937,967,276
575,948,998,940,990,939,980,950,991,504
576,957,1016,948,1007,946,996,958,1008,774
577,958,1018,948,1008,946,999,959,1011,774
578,971,1048,960,1039,960,1027,974,1040,1026
579,988,1085,975,1074,976,1062,992,1076,1452
580,999,1111,985,1098,987,1087,1003,1102,1878
581,1008,1134,994,1120,997,1108,1014,1123,2194
582,1016,1151,1002,1136,1006,1125,1023,1140,2434
583,1023,1166,1007,1151,1012,1139,1029,1156,2646
584,1029,1179,1013,1164,1019,1153,1036,1169,2860
585,1027,1177,1012,1164,1018,1151,1035,1167,2972
586,1006,1131,995,1120,999,1108,1012,1121,2884
587,990,1095,981,1085,983,1072,993,1084,2384
588,978,1065,970,1056,969,1044,981,1056,1934
589,963,1031,956,1023,953,1011,963,1023,1550
590,948,1000,943,993,942,983,950,992,1112
591,938,976,934,972,931,961,938,970,760
592,930,960,926,956,924,947,930,954,474
593,922,942,919,938,917,929,922,936,276
594,918,935,915,931,915,924,920,931,76
595,919,934,916,930,915,924,919,929,8
596,919,933,916,929,915,923,920,929,8
597,922,940,918,936,916,928,923,935,8
598,932,960,926,955,924,946,933,955,102
599,937,972,931,966,929,957,938,967,302
600,940,979,933,972,931,963,941,972,302
601,947,994,940,986,938,977,948,987,520
602,958,1018,949,1009,948,999,960,1011,754
603,971,1049,960,1039,960,1028,974,1041,1038
604,992,1096,980,1084,981,1072,997,1087,1462
605,1014,1146,999,1132,1003,1120,1020,1135,2074
606,1027,1175,1012,1160,1016,1148,1034,1163,2570
607,1038,1201,1021,1186,1028,1174,1047,1190,2978
608,1026,1179,1015,1166,1020,1154,1033,1167,3232
609,1012,1146,1002,1134,1005,1121,1017,1135,3022
610,1011,1141,1000,1130,1003,1117,1016,1130,3022
611,987,1088,979,1077,979,1065,991,1078,2554
612,972,1050,963,1042,963,1030,974,1041,1818
613,956,1018,951,1011,949,999,958,1009,1348
614,954,1013,949,1007,946,995,956,1005,1348
615,944,992,939,986,937,975,944,985,968
616,937,974,932,967,930,958,937,967,672
617,928,955,924,952,922,942,928,949,456
618,923,942,920,939,918,930,923,936,218
619,919,932,915,930,915,922,919,928,82
620,919,933,916,930,915,922,920,928,82
621,918,933,915,930,914,922,919,928,0
622,919,936,915,931,914,925,920,931,0
623,920,935,917,931,915,924,921,931,0
624,920,936,916,933,915,926,921,932,24
625,921,938,918,933,916,926,922,933,24
626,928,954,923,949,920,940,929,948,86
627,928,953,923,949,920,940,928,948,86
628,940,978,933,972,931,962,941,972,268
629,956,1016,948,1007,946,997,958,1009,594
630,965,1036,955,1026,955,1015,967,1027,1026
631,968,1041,958,1031,957,1020,970,1033,1026
632,977,1063,967,1052,967,1041,981,1055,1352
633,979,1069,968,1057,968,1047,983,1060,1352
634,990,1090,977,1079,978,1067,994,1081,1600
635,998,1112,985,1099,987,1087,1003,1102,1942
636,1018,1155,1003,1141,1007,1129,1024,1145,2248
637,1032,1190,1016,1175,1023,1161,1040,1178,2740
638,1038,1204,1022,1188,1029,1176,1047,1192,3154
639,1018,1156,1007,1144,1010,1131,1023,1144,3252
640,1005,1127,995,1116,997,1103,1008,1116,2756
641,1003,1123,993,1113,994,1099,1008,1113,2756
642,973,1055,965,1046,964,1033,975,1045,2208
643,951,1006,945,999,943,988,952,998,1396
644,937,976,933,971,930,960,937,969,828
645,927,952,923,948,921,939,927,946,456
646,918,933,915,931,915,923,919,929,168
647,918,933,916,930,915,923,919,929,14
648,919,933,915,930,915,923,919,929,4
649,920,935,916,931,915,924,920,931,0
650,920,937,917,934,915,927,921,933,26
651,928,954,923,948,921,940,928,947,54
652,935,969,929,963,927,954,936,963,306
653,938,974,931,968,929,959,939,968,420
654,939,976,932,970,930,960,940,971,420
655,953,1010,944,1002,944,991,955,1001,596
656,954,1009,945,1001,944,991,956,1002,596
657,954,1011,945,1002,944,992,956,1003,900
658,971,1049,961,1039,960,1027,974,1040,1020
659,971,1048,960,1039,960,1027,974,1040,1020
660,971,1048,960,1037,960,1027,973,1039,1364
661,991,1092,977,1080,980,1068,995,1083,1422
662,988,1088,976,1077,978,1065,993,1080,1850
663,1000,1114,987,1101,989,1089,1005,1104,1882
664,1019,1159,1004,1144,1008,1132,1025,1148,2344
665,1018,1156,1004,1142,1007,1130,1024,1146,2712
666,1019,1157,1004,1143,1008,1130,1025,1145,2712
667,1029,1183,1014,1168,1020,1155,1038,1171,2722
668,1029,1181,1014,1167,1020,1154,1036,1169,2986
669,1028,1180,1014,1166,1019,1152,1036,1168,3000
670,995,1106,985,1095,986,1083,999,1095,2928
671,960,1028,954,1021,952,1008,962,1020,2034
672,938,977,934,972,931,962,939,971,1082
673,929,957,925,953,924,944,930,951,466
674,929,958,926,954,924,944,930,952,292
675,919,935,916,933,915,925,920,931,224
676,918,933,915,930,914,923,919,928,26
677,918,932,915,929,914,923,919,928,0
678,921,940,918,936,917,928,923,934,0
679,926,946,920,943,918,933,926,941,0
680,928,954,923,949,920,940,929,949,108
681,928,953,923,948,921,940,929,947,232
682,948,997,940,990,939,980,949,991,304
683,948,999,940,990,939,980,950,991,708
684,956,1015,947,1007,945,995,958,1008,764
685,980,1069,969,1058,969,1046,983,1060,1122
686,980,1069,969,1057,968,1047,983,1060,1122
687,979,1067,967,1056,968,1044,983,1057,1618
688,991,1093,978,1082,980,1070,995,1084,1618
689,1007,1130,993,1117,995,1105,1012,1120,2014
690,1008,1133,995,1119,998,1106,1014,1122,2014
691,1011,1139,996,1126,1000,1114,1016,1129,2404
692,1026,1175,1011,1160,1016,1148,1034,1164,2600
693,1027,1177,1012,1164,1018,1151,1034,1167,2600
694,1033,1191,1018,1176,1024,1163,1040,1179,2952
695,1033,1191,1017,1176,1023,1164,1040,1180,2952
696,1032,1189,1017,1175,1023,1163,1039,1178,3120
697,1011,1144,1000,1132,1004,1119,1016,1132,3018
698,993,1099,983,1089,985,1076,996,1090,2488
699,982,1078,974,1068,974,1055,985,1067,2000
700,971,1051,963,1042,962,1030,973,1041,1660
701,971,1051,963,1042,963,1030,973,1042,1428
702,952,1008,945,1001,944,989,953,999,1412
703,924,945,920,942,919,933,924,940,788
704,923,943,919,939,917,930,924,937,788
705,918,934,915,931,915,923,920,928,154
706,918,934,915,931,915,924,919,929,14
707,927,951,922,946,921,938,928,945,14
708,944,991,937,984,936,974,946,984,284
709,946,995,938,988,938,977,948,988,284
710,956,1015,947,1006,947,995,958,1007,784
711,956,1015,947,1006,946,995,958,1007,784
712,956,1014,947,1005,946,994,958,1006,968
713,974,1055,962,1044,963,1033,976,1047,1006
714,992,1096,979,1085,982,1073,997,1087,1566
715,991,1094,979,1083,981,1070,995,1085,1952
716,996,1108,983,1095,986,1082,1002,1098,1944
717,1026,1175,1011,1161,1017,1148,1035,1164,2294
718,1029,1181,1014,1167,1020,1154,1037,1170,2970
719,1029,1180,1014,1167,1020,1154,1036,1169,3018
720,1033,1193,1019,1178,1024,1167,1042,1182,3056
721,1024,1173,1012,1161,1018,1148,1031,1162,3152
722,994,1104,984,1094,986,1081,999,1094,2780
723,992,1096,982,1087,984,1073,995,1086,2780
724,990,1095,980,1086,982,1073,993,1086,2084
725,973,1055,964,1046,964,1033,975,1046,1970
726,938,979,933,975,931,963,939,973,1230
727,920,936,916,934,915,925,920,932,480
728,919,936,916,932,914,924,920,931,60
729,918,932,915,929,914,921,919,928,30
730,918,932,915,929,914,922,919,928,30
731,918,932,915,929,915,922,919,928,4
732,920,937,916,934,916,926,921,933,0
733,936,969,929,963,927,954,937,963,140
734,935,968,929,963,927,953,936,962,416
735,949,999,941,992,939,981,950,992,462
736,953,1011,945,1003,944,991,955,1003,846
737,954,1011,945,1002,944,991,956,1003,926
738,966,1038,956,1029,956,1017,968,1030,952
739,983,1075,971,1063,972,1051,986,1065,1356
740,990,1092,977,1080,980,1068,993,1082,1774
741,989,1091,977,1080,979,1068,993,1083,1916
742,990,1091,977,1080,979,1068,994,1082,1916
743,1018,1155,1002,1142,1008,1128,1024,1144,1984
744,1036,1199,1021,1184,1027,1172,1045,1187,2754
745,1041,1211,1025,1197,1033,1184,1050,1200,3272
746,1022,1167,1010,1155,1015,1142,1028,1155,3372
747,1014,1149,1003,1137,1007,1124,1020,1139,3372
748,996,1107,986,1097,988,1084,1001,1098,2720
749,987,1088,977,1079,979,1065,991,1079,2148
750,943,988,938,982,936,971,944,980,1510
751,944,988,939,984,936,972,944,982,694
752,926,949,922,946,920,937,927,943,504
753,920,938,917,935,916,927,921,934,206
754,918,932,915,930,914,922,919,928,68
755,918,932,915,928,914,921,919,928,0
756,918,932,915,929,915,921,919,927,0
757,924,943,918,939,917,930,924,937,4
758,930,959,924,954,922,944,931,953,4
759,942,982,935,975,932,966,943,976,226
760,941,981,934,975,932,964,942,975,562
761,941,981,933,975,931,964,942,975,562
762,958,1020,949,1012,947,1001,960,1013,608
763,971,1049,960,1039,960,1027,973,1040,1150
764,971,1048,960,1039,960,1027,974,1040,1150
765,971,1050,960,1039,960,1027,974,1041,1392
766,1007,1129,993,1116,996,1103,1013,1119,1634
767,1005,1125,991,1112,994,1100,1010,1115,2324
768,1022,1165,1006,1151,1011,1138,1029,1155,2344
769,1025,1174,1010,1159,1016,1147,1033,1163,2344
770,1036,1196,1020,1183,1026,1169,1045,1185,2872
771,1042,1210,1025,1195,1032,1183,1051,1199,3230
772,1042,1210,1024,1196,1032,1183,1051,1199,3230
773,1043,1215,1027,1199,1035,1187,1053,1203,3390
774,1043,1214,1027,1199,1035,1187,1053,1203,3390
775,1017,1156,1006,1145,1009,1133,1023,1146,3368
776,1008,1137,998,1127,1001,1114,1013,1127,2662
777,994,1103,984,1093,986,1080,998,1093,2494
778,988,1090,978,1080,979,1067,991,1080,2494
779,943,986,936,980,935,969,943,979,1756
780,931,961,927,957,925,947,931,955,600
781,925,947,921,944,919,935,925,942,344
782,917,932,914,929,913,921,919,927,154
783,917,932,914,929,914,921,919,928,0
784,917,933,914,929,913,921,919,928,0
785,922,940,918,936,916,928,923,936,8
786,922,939,917,936,916,928,922,935,80
787,924,943,919,939,917,931,924,938,80
788,935,968,929,962,927,953,935,963,230
789,935,967,928,962,927,952,935,961,418
790,948,999,940,991,939,980,949,991,440
791,947,997,940,990,939,979,949,989,740
792,958,1019,948,1010,947,999,960,1011,772
793,991,1092,978,1080,980,1069,995,1084,1186
794,991,1094,979,1083,981,1070,995,1085,1186
795,990,1091,978,1080,980,1067,993,1081,1894
796,1009,1136,994,1123,998,1111,1014,1126,1940
797,1015,1148,1001,1134,1005,1121,1021,1136,2468
798,1014,1147,999,1134,1004,1121,1020,1136,2602
799,1031,1188,1016,1174,1022,1161,1039,1177,2640
800,1041,1208,1024,1193,1032,1181,1050,1197,3180
801,1037,1202,1024,1190,1031,1177,1045,1191,3354
802,1008,1136,997,1124,1001,1111,1013,1124,3004
803,1008,1136,998,1126,1001,1112,1014,1125,2468
804,985,1082,976,1072,977,1060,988,1072,2278
805,985,1083,976,1074,977,1060,988,1073,1828
806,963,1037,958,1029,956,1016,966,1027,1800
807,955,1017,948,1010,947,998,957,1009,1176
808,949,1003,944,996,942,984,950,995,1016
809,934,968,929,964,928,954,934,961,686
810,934,969,930,965,928,954,935,963,432
811,924,948,922,945,920,936,926,943,424
812,921,940,919,938,917,928,922,936,164
813,922,940,919,938,917,929,923,936,100
814,917,932,915,930,915,922,919,927,84
815,918,933,915,930,915,922,920,928,8
816,925,946,920,942,919,934,926,942,38
817,925,946,920,943,919,933,925,941,162
818,934,966,928,960,927,952,935,960,206
819,934,965,928,960,927,950,935,959,384
820,946,992,938,985,937,975,947,985,406
821,947,995,940,988,938,978,948,988,406
822,947,995,939,988,938,977,948,988,692
823,958,1020,949,1011,948,1000,960,1012,758
824,988,1087,976,1075,977,1064,991,1078,1174
825,986,1084,974,1072,975,1061,990,1075,1810
826,986,1084,975,1072,975,1060,990,1074,1810
827,1008,1135,994,1123,999,1110,1014,1125,1864
828,1031,1187,1016,1172,1022,1159,1039,1175,2498
829,1034,1192,1018,1178,1024,1165,1042,1181,2498
830,1036,1199,1020,1183,1027,1171,1045,1187,3122
831,1035,1196,1020,1182,1026,1170,1044,1185,3228
832,1029,1183,1017,1171,1023,1159,1036,1172,3212
833,1020,1165,1009,1153,1015,1140,1027,1153,3212
834,1008,1134,997,1123,1000,1110,1012,1123,2824
835,1007,1134,997,1124,1000,1111,1012,1123,2454
836,994,1103,985,1092,987,1080,998,1093,2410
837,992,1099,983,1089,984,1076,996,1089,2072
838,992,1100,983,1089,985,1077,996,1090,2030
839,992,1100,982,1090,984,1077,996,1089,2030
840,976,1061,967,1054,968,1040,978,1052,1908
841,975,1062,967,1054,967,1040,978,1053,1908
842,976,1063,969,1054,969,1041,979,1053,1588
843,956,1018,950,1011,948,999,958,1009,1548
844,944,991,939,986,937,975,945,983,1002
845,922,942,919,938,918,929,923,936,548
846,921,940,919,938,917,929,922,936,134
847,922,940,919,939,918,930,922,936,106
848,917,932,914,929,913,921,919,927,60
849,918,931,914,929,913,921,919,928,0
850,918,931,914,928,914,920,919,927,0
851,922,939,918,936,916,927,923,935,4
852,927,949,921,944,920,936,927,944,128
853,927,949,921,945,920,936,927,943,202
854,934,966,928,960,926,952,935,960,216
855,947,995,939,989,938,977,948,988,456
856,947,995,940,989,938,977,948,989,732
857,960,1025,951,1017,950,1006,962,1018,758
858,980,1070,968,1059,968,1047,983,1061,1196
859,987,1084,975,1073,976,1061,991,1076,1692
860,987,1084,975,1073,977,1060,990,1075,1834
861,1013,1145,999,1132,1004,1119,1020,1136,2004
862,1016,1150,1002,1138,1006,1126,1022,1140,2576
863,1016,1151,1001,1138,1005,1125,1022,1141,2644
864,1033,1192,1018,1178,1023,1166,1041,1182,2656
865,1033,1191,1018,1177,1024,1164,1041,1180,3084
866,1032,1192,1017,1178,1024,1165,1041,1181,3084
867,1032,1191,1018,1176,1024,1164,1040,1180,3154
868,1018,1159,1007,1147,1011,1134,1024,1148,3140
869,997,1111,988,1101,990,1088,1002,1101,2622
870,998,1113,988,1102,990,1089,1002,1103,2178
871,964,1036,957,1029,956,1016,966,1027,1962
872,963,1033,956,1026,956,1013,965,1024,1284
873,944,992,940,988,938,976,945,986,1200
874,944,993,940,988,938,976,946,986,794
875,944,992,940,988,939,976,945,985,794
876,931,963,928,960,926,950,932,957,700
877,932,964,928,960,927,950,932,958,700
878,933,966,928,962,926,951,933,959,410
879,932,965,928,961,927,951,933,959,410
880,920,938,918,935,915,926,921,933,346
881,920,938,917,936,915,927,921,933,346
882,920,939,918,936,916,927,921,934,92
883,917,931,914,928,914,920,919,927,42
884,917,932,915,928,914,920,919,928,0
885,918,931,915,928,914,920,919,927,0
886,918,932,914,929,914,921,919,927,0
887,919,931,915,929,914,921,919,927,0
888,924,943,919,939,916,930,924,939,6
889,927,951,922,945,920,937,928,944,158
890,933,963,927,958,924,948,933,957,216
891,949,999,941,992,940,981,951,992,438
892,949,999,941,992,939,980,951,992,768
893,973,1053,962,1044,962,1031,975,1045,890
894,983,1076,972,1066,973,1054,988,1068,1560
895,986,1084,974,1073,975,1061,990,1075,1744
896,1016,1152,1001,1138,1006,1126,1022,1142,2010
897,1015,1149,1001,1136,1005,1123,1022,1138,2592
898,1015,1150,1000,1135,1005,1123,1022,1138,2624
899,1038,1201,1022,1187,1029,1175,1046,1191,2776
900,1036,1200,1020,1185,1028,1174,1045,1189,3240
901,1037,1200,1021,1185,1028,1172,1045,1188,3240
902,1036,1200,1021,1184,1028,1171,1045,1187,3256
903,1008,1136,999,1127,1001,1112,1014,1127,3012
904,1008,1137,997,1127,1000,1113,1014,1127,3012
905,1008,1139,998,1127,1002,1113,1015,1127,2502
906,987,1088,977,1079,979,1065,991,1079,2248
907,987,1087,979,1079,979,1065,991,1078,2248
908,975,1062,967,1053,968,1040,978,1052,1892
909,971,1050,963,1042,963,1030,973,1042,1560
910,948,1002,943,995,942,984,949,994,1360
911,949,1003,943,997,942,985,950,995,880
912,949,1004,943,997,942,985,950,995,848
913,935,970,931,967,930,956,936,964,768
914,936,971,931,967,929,956,936,965,476
915,929,960,926,956,924,945,930,954,470
916,920,938,917,935,916,926,921,932,270
917,921,938,918,935,916,927,921,933,76
918,920,938,918,936,917,927,921,933,76
919,920,938,918,936,916,927,921,933,76
920,925,947,920,943,920,933,926,941,76
921,927,952,923,948,921,939,929,947,76
922,928,953,922,950,921,940,928,947,196
923,930,956,924,952,923,943,931,950,248
924,955,1013,946,1005,945,994,957,1006,418
925,962,1031,953,1023,952,1010,966,1023,1018
926,963,1030,953,1021,953,1009,964,1022,1178
927,986,1087,975,1075,976,1063,991,1078,1254
928,990,1093,978,1080,980,1068,995,1083,1254
929,1011,1139,996,1126,1001,1113,1017,1128,1960
930,1015,1148,1000,1136,1005,1123,1021,1139,2524
931,1015,1148,1000,1135,1005,1121,1022,1136,2624
932,1021,1161,1006,1148,1010,1136,1027,1150,2648
933,1025,1175,1011,1161,1016,1149,1033,1164,2846
934,1025,1174,1011,1161,1016,1148,1032,1164,2846
935,1025,1175,1010,1161,1016,1148,1033,1163,2942
936,1025,1174,1011,1160,1016,1148,1033,1163,2942
937,1025,1174,1011,1160,1016,1147,1033,1163,2938
938,996,1108,986,1098,989,1085,1001,1098,2768
939,966,1041,959,1033,959,1020,969,1031,1928
940,960,1025,954,1019,952,1007,961,1017,1292
941,959,1025,952,1019,952,1007,961,1016,1292
942,960,1027,952,1020,953,1008,961,1018,1134
943,960,1027,953,1020,952,1008,961,1019,1140
944,945,992,940,987,938,975,945,985,1054
945,931,964,928,960,926,951,933,959,666
946,929,956,925,953,924,944,929,951,364
947,929,957,926,954,924,944,929,952,306
948,936,972,930,967,928,956,938,966,314
949,957,1020,948,1012,948,1000,959,1012,612
950,956,1019,948,1011,948,999,960,1011,1036
951,963,1031,954,1023,954,1011,966,1024,1042
952,1006,1131,992,1118,996,1104,1012,1120,1490
953,1006,1127,991,1114,995,1103,1011,1118,2352
954,1023,1169,1008,1155,1015,1143,1031,1158,2388
955,1032,1192,1018,1179,1025,1166,1041,1182,2942
956,1032,1190,1016,1176,1024,1163,1040,1178,3154
957,1012,1146,1001,1135,1006,1121,1019,1135,3132
958,966,1040,959,1033,959,1020,968,1032,2338
959,967,1041,959,1033,959,1021,969,1033,2338
960,963,1034,956,1025,956,1014,964,1025,1366
961,931,964,928,960,926,949,932,957,934
962,917,931,914,929,914,921,919,927,310
963,916,931,914,929,913,920,919,927,14
964,918,931,914,928,913,920,919,927,0
965,917,931,915,928,913,920,918,928,0
966,917,931,914,929,913,920,919,927,0
967,920,937,916,934,915,925,922,931,0
968,920,936,916,934,915,925,921,932,48
969,939,977,931,971,930,960,940,970,140
970,939,976,932,971,931,960,940,970,140
971,937,975,931,970,929,959,940,969,510
972,938,976,931,970,929,959,939,969,510
973,946,993,939,988,937,976,947,986,518
974,964,1033,954,1024,953,1012,966,1024,912
975,964,1032,954,1024,954,1012,967,1024,912
976,964,1032,954,1023,954,1012,967,1024,1212
977,990,1091,977,1080,979,1068,993,1082,1354
978,988,1089,976,1077,978,1065,993,1079,1892
979,1006,1130,992,1118,996,1105,1011,1120,2096
980,1005,1128,992,1117,995,1103,1011,1118,2390
981,1025,1173,1009,1159,1015,1146,1031,1162,2492
982,1036,1199,1020,1184,1027,1171,1044,1187,2960
983,1036,1200,1021,1185,1027,1172,1045,1189,2960
984,1041,1210,1025,1196,1033,1183,1051,1199,3252
985,1035,1197,1022,1184,1029,1171,1041,1184,3376
986,1026,1179,1014,1167,1021,1153,1033,1167,3376
987,1008,1136,998,1126,1001,1112,1014,1126,3030
988,982,1079,973,1070,975,1056,986,1069,2482
989,922,943,918,940,916,930,922,937,1406
990,920,937,917,935,915,925,920,932,174
991,916,931,913,928,912,920,918,927,46
992,916,931,913,929,913,920,917,927,0
993,917,931,913,928,914,920,919,927,0
994,918,932,914,929,913,921,918,927,0
995,917,931,913,928,913,920,919,927,0
996,917,931,914,929,914,920,919,927,0
997,918,934,915,931,915,922,920,929,0
998,919,935,916,932,915,924,920,930,16
999,919,936,916,933,915,924,920,931,40
1000,926,947,920,943,919,934,927,942,72
1001,927,951,922,947,921,937,928,945,72
1002,933,966,927,960,926,950,935,960,224
1003,933,963,927,959,926,949,934,958,378
1004,939,976,931,970,930,960,940,969,384
1005,952,1004,943,997,943,986,953,997,582
1006,957,1016,947,1008,947,997,958,1008,880
1007,960,1024,951,1016,951,1004,962,1017,1012
1008,960,1023,951,1015,950,1003,961,1015,1096
1009,949,1000,944,995,943,984,950,993,1000
1010,948,999,943,993,942,982,949,992,832
1011,961,1028,952,1020,952,1008,964,1020,898
1012,961,1028,952,1019,952,1007,963,1020,1142
1013,993,1100,981,1088,984,1076,999,1091,1350
1014,992,1100,980,1087,983,1075,999,1089,1996
1015,992,1099,980,1087,982,1075,997,1089,2016
1016,992,1096,980,1086,982,1073,997,1088,2006
1017,1023,1167,1008,1154,1013,1141,1031,1156,2102
1018,1035,1196,1019,1182,1026,1169,1043,1184,2872
1019,1041,1212,1025,1197,1034,1184,1052,1200,3262
1020,1007,1132,996,1120,999,1108,1012,1121,3276
1021,996,1110,987,1100,989,1086,1002,1100,2352
1022,965,1038,957,1030,957,1017,967,1029,2050
1023,961,1032,955,1024,954,1012,963,1023,2050
1024,940,980,934,975,933,964,940,974,1136
1025,931,961,927,959,926,948,932,956,578
1026,918,933,915,931,914,922,919,929,304
1027,917,931,914,929,913,920,918,927,30
1028,916,931,914,928,913,920,919,927,30
1029,917,931,914,928,913,920,919,927,0
1030,917,931,915,928,914,921,919,927,0
1031,917,931,913,929,913,920,919,927,0
1032,918,931,914,928,914,921,919,927,0
1033,919,935,916,932,915,924,921,931,0
1034,920,936,917,934,916,926,922,932,0
1035,926,947,921,944,919,935,927,943,74
1036,925,948,920,944,919,935,926,942,184
1037,935,968,929,963,927,954,936,963,206
1038,940,979,933,973,931,963,941,972,468
1039,940,978,933,973,931,963,942,972,560
1040,948,999,940,992,939,981,950,991,572
1041,951,1003,943,996,942,984,952,996,572
1042,954,1012,946,1004,944,993,956,1004,828
1043,963,1031,954,1023,953,1011,965,1023,1014
1044,968,1043,958,1033,959,1022,971,1035,1210
1045,974,1054,962,1044,963,1032,976,1046,1364
1046,982,1072,970,1061,971,1048,985,1063,1504
1047,984,1080,974,1070,975,1058,989,1071,1724
1048,984,1080,973,1070,975,1057,988,1072,1794
1049,997,1108,984,1097,986,1084,1002,1099,1794
1050,1021,1161,1006,1148,1011,1135,1027,1151,2230
1051,1022,1164,1007,1151,1011,1138,1028,1153,2230
1052,1029,1182,1014,1167,1020,1155,1036,1171,2826
1053,1027,1177,1013,1164,1019,1151,1035,1167,3012
1054,1002,1122,992,1112,995,1099,1007,1112,2974
1055,992,1101,984,1091,986,1078,997,1091,2272
1056,967,1042,960,1034,959,1022,970,1033,2010
1057,936,972,931,968,930,958,936,966,1202
1058,930,960,927,957,925,946,931,954,500
1059,918,931,914,928,913,920,918,927,222
1060,918,931,915,929,915,921,919,927,0
1061,917,931,914,928,914,920,919,927,0
1062,917,931,914,928,914,920,919,927,0
1063,917,931,914,928,914,920,919,926,0
1064,917,931,914,929,914,920,919,927,0
1065,917,931,914,928,914,920,919,928,0
1066,919,934,915,931,915,923,920,929,0
1067,919,934,915,931,914,923,919,929,26
1068,924,945,919,942,918,932,926,940,34
1069,926,949,921,944,920,935,927,943,164
1070,928,954,923,950,921,941,929,950,198
1071,941,980,933,975,932,964,942,975,378
1072,941,980,933,974,932,964,942,974,576
1073,946,993,939,987,936,975,947,987,576
1074,962,1029,952,1022,952,1009,964,1022,834
1075,961,1027,952,1019,952,1008,964,1020,1150
1076,968,1042,958,1032,959,1021,971,1033,1146
1077,986,1081,973,1070,975,1057,989,1072,1432
1078,996,1105,983,1093,986,1081,1000,1095,1848
1079,999,1112,985,1100,988,1087,1004,1103,2122
1080,998,1110,984,1099,988,1086,1003,1100,2168
1081,1013,1147,999,1133,1003,1120,1020,1135,2156
1082,1032,1189,1017,1176,1023,1163,1039,1179,2668
1083,1032,1190,1017,1177,1024,1164,1040,1180,3128
1084,1032,1190,1016,1175,1024,1163,1039,1179,3134
1085,1033,1194,1018,1179,1024,1167,1043,1183,3134
1086,1063,1260,1045,1244,1056,1232,1073,1248,3314
1087,1063,1261,1045,1245,1056,1233,1075,1249,3974
1088,1062,1259,1044,1244,1056,1231,1074,1247,4012
1089,1062,1259,1044,1244,1055,1232,1072,1247,4012
1090,1062,1258,1045,1243,1055,1231,1072,1246,3996
1091,960,1026,952,1019,952,1007,961,1018,3392
1092,955,1017,948,1010,948,998,957,1008,1226
1093,941,984,935,979,935,968,942,976,986
1094,926,952,921,948,920,938,927,945,602
1095,917,931,914,929,915,920,918,927,216
1096,917,931,914,928,914,920,919,927,216
1097,916,931,913,929,913,920,918,927,12
1098,917,931,915,928,914,920,918,927,4
1099,917,931,914,928,914,920,918,928,4
1100,924,946,919,942,919,933,926,941,22
1101,924,945,919,942,918,932,926,941,152
1102,941,983,934,976,933,965,943,976,196
1103,960,1024,951,1016,951,1004,961,1016,660
1104,971,1051,960,1041,961,1029,975,1043,1072
1105,1003,1120,989,1108,992,1095,1008,1111,1590
1106,1000,1119,987,1105,991,1093,1007,1108,2228
1107,1000,1117,988,1105,991,1091,1005,1107,2246
1108,1000,1117,988,1105,991,1091,1006,1107,2246
1109,1023,1167,1008,1154,1015,1142,1031,1158,2244
1110,1035,1196,1019,1182,1027,1168,1044,1185,2872
1111,1034,1194,1019,1181,1025,1168,1042,1184,3208
1112,1013,1150,1002,1137,1007,1124,1020,1138,3148
1113,1000,1119,991,1109,993,1096,1006,1109,2630
1114,977,1065,968,1057,969,1044,980,1056,2186
1115,958,1021,950,1014,950,1000,959,1011,1610
1116,937,976,933,972,931,961,939,970,1026
1117,921,942,919,940,917,930,922,937,494
1118,917,931,913,928,914,920,918,927,90
1119,917,931,914,928,914,919,918,927,0
1120,918,931,914,928,914,920,918,927,0
1121,917,931,914,928,913,920,919,927,0
1122,917,931,914,929,914,920,918,926,0
1123,918,931,915,930,915,921,919,927,0
1124,919,935,916,932,915,924,920,931,8
1125,939,979,932,973,930,961,940,971,94
1126,950,1003,942,995,941,983,951,995,570
1127,960,1024,951,1016,950,1005,962,1017,904
1128,960,1026,951,1018,951,1006,963,1018,904
1129,974,1055,962,1044,963,1032,976,1046,1146
1130,986,1085,975,1074,976,1061,990,1075,1518
1131,999,1112,985,1100,988,1087,1003,1102,1916
1132,999,1114,986,1102,989,1088,1004,1103,2178
1133,1005,1125,991,1114,995,1101,1010,1116,2198
1134,1041,1212,1026,1197,1033,1184,1051,1200,2554
1135,1056,1246,1039,1231,1048,1217,1066,1233,3474
1136,1055,1242,1038,1228,1048,1215,1066,1231,3800
1137,1020,1164,1009,1153,1014,1139,1026,1153,3628
1138,1006,1131,995,1120,999,1107,1011,1120,2776
1139,980,1072,971,1063,972,1049,983,1063,2290
1140,978,1069,971,1059,970,1047,981,1059,2290
1141,954,1013,947,1007,947,994,956,1005,1582
1142,935,970,930,966,928,955,935,963,888
1143,917,934,915,932,915,923,919,929,374
1144,917,930,913,928,913,919,918,927,48
1145,916,931,913,928,914,920,919,926,48
1146,916,931,913,928,914,919,918,926,0
1147,920,936,916,934,916,925,921,932,12
1148,922,941,917,937,916,928,923,936,62
1149,934,967,927,961,926,952,935,960,166
1150,934,966,927,961,926,951,935,960,400
1151,934,966,927,961,926,950,934,959,400
1152,934,966,927,960,927,950,935,960,406
1153,945,992,937,986,936,975,947,985,412
1154,975,1057,963,1047,963,1034,978,1048,930
1155,974,1055,962,1044,963,1032,977,1047,1484
1156,991,1095,978,1083,980,1071,995,1086,1534
1157,992,1097,979,1085,981,1072,996,1087,1534
1158,1012,1144,997,1131,1001,1118,1018,1133,2078
1159,1015,1148,999,1135,1003,1121,1020,1137,2558
1160,1023,1168,1008,1155,1013,1142,1030,1158,2714
1161,1027,1176,1011,1163,1017,1149,1034,1166,2908
1162,1026,1178,1011,1165,1018,1151,1035,1167,2974
1163,1027,1177,1012,1164,1018,1151,1035,1167,2990
1164,947,1000,942,994,940,982,949,992,2556
1165,945,992,939,987,938,975,946,984,2556
1166,921,940,918,937,917,927,922,935,762
1167,916,931,913,929,913,919,918,926,72
1168,916,930,913,928,913,920,918,927,72
1169,916,931,913,928,913,920,918,926,0
1170,917,930,913,928,913,920,918,926,0
1171,917,930,914,928,914,920,919,927,0
1172,918,932,914,930,914,921,919,929,0
1173,923,942,918,938,916,930,924,937,32
1174,924,943,918,940,918,931,925,939,128
1175,933,963,927,960,925,949,934,958,176
1176,939,979,932,975,931,963,941,973,398
1177,941,982,934,976,933,964,942,975,564
1178,952,1005,943,998,943,987,953,998,646
1179,963,1031,953,1023,953,1010,965,1023,908
1180,984,1078,972,1068,974,1055,988,1069,1228
1181,992,1095,979,1085,982,1072,996,1087,1808
1182,1002,1120,988,1108,992,1095,1008,1110,1996
1183,1019,1159,1004,1147,1009,1132,1026,1149,2366
1184,1019,1157,1004,1145,1009,1132,1024,1148,2738
1185,1019,1158,1005,1144,1009,1131,1026,1147,2742
1186,1020,1159,1006,1147,1009,1134,1026,1149,2742
1187,1035,1199,1020,1184,1027,1171,1044,1187,2852
1188,1039,1204,1022,1190,1031,1176,1048,1192,3260
1189,1038,1203,1022,1189,1029,1176,1047,1192,3310
1190,1017,1156,1006,1146,1011,1132,1023,1145,3234
1191,1002,1123,992,1113,995,1099,1007,1112,2702
1192,971,1054,963,1045,964,1033,973,1044,2064
1193,961,1032,956,1024,956,1012,963,1023,1398
1194,949,1002,943,997,943,984,950,993,1164
1195,937,974,932,971,931,959,938,968,800
1196,922,943,920,941,918,931,924,938,444
1197,917,931,914,930,915,921,919,928,144
1198,916,932,913,930,914,921,918,927,20
1199,920,937,915,934,915,924,920,931,20
1200,920,937,916,934,916,925,921,932,60
1201,931,962,926,958,925,947,933,956,98
1202,942,984,935,978,934,967,943,977,450
1203,943,986,936,980,935,969,944,980,630
1204,943,989,937,984,936,972,945,982,630
1205,971,1050,960,1041,961,1028,974,1042,806
1206,976,1063,966,1054,967,1040,980,1055,1452
1207,976,1062,965,1052,967,1039,979,1054,1582
1208,977,1063,966,1054,967,1041,980,1055,1582
1209,993,1101,981,1089,984,1076,998,1091,1622
1210,1009,1136,995,1125,1000,1111,1016,1127,2118
1211,1008,1135,994,1121,999,1109,1016,1125,2452
1212,1023,1171,1008,1157,1015,1144,1031,1159,2486
1213,1034,1194,1018,1180,1025,1167,1042,1183,2908
1214,1031,1190,1018,1176,1024,1164,1040,1180,3166
1215,1032,1191,1017,1177,1024,1164,1040,1179,3158
1216,997,1112,988,1102,991,1087,1002,1101,2964
1217,997,1112,988,1102,991,1088,1002,1101,2244
1218,980,1073,971,1065,972,1051,983,1063,2178
1219,978,1068,969,1059,971,1046,982,1059,1740
1220,970,1051,963,1043,963,1029,973,1041,1662
1221,957,1021,950,1015,951,1002,959,1012,1360
1222,957,1021,951,1016,951,1001,960,1012,1088
1223,939,980,934,976,934,964,940,973,1006
1224,938,976,933,972,932,960,939,970,1006
1225,936,973,931,969,931,958,937,966,586
1226,936,973,931,970,930,959,937,966,508
1227,923,945,920,943,919,933,924,940,426
1228,922,943,919,941,918,931,923,937,174
1229,922,944,920,941,919,932,924,938,146
1230,920,938,917,936,917,927,921,933,152
1231,916,930,913,928,914,920,918,927,68
1232,917,930,914,928,914,919,918,926,0
1233,917,930,914,928,914,919,918,926,0
1234,919,936,916,933,915,924,921,930,0
1235,929,956,924,952,923,942,930,951,118
1236,928,956,924,952,923,942,930,949,294
1237,951,1006,943,999,942,986,953,998,394
1238,961,1027,952,1020,952,1008,963,1020,964
1239,970,1049,960,1039,960,1027,973,1040,1162
1240,970,1048,960,1038,960,1025,973,1039,1368
1241,991,1095,979,1084,981,1071,996,1086,1524
1242,992,1098,979,1087,981,1073,997,1088,1524
1243,1000,1114,986,1103,990,1089,1005,1104,2002
1244,1005,1127,992,1115,995,1102,1011,1116,2234
1245,1009,1136,995,1123,999,1111,1015,1125,2392
1246,1013,1146,998,1133,1003,1120,1019,1136,2498
1247,1020,1162,1006,1149,1011,1135,1027,1151,2626
1248,1020,1162,1006,1149,1011,1136,1027,1151,2792
1249,1020,1161,1005,1148,1011,1135,1027,1150,2798
1250,1017,1158,1004,1147,1010,1133,1024,1147,2798
1251,995,1107,986,1098,988,1084,1000,1098,2590
1252,994,1104,985,1095,987,1081,999,1094,2590
1253,974,1056,966,1049,966,1036,976,1048,2032
1254,940,983,935,979,934,967,941,976,1394
1255,919,934,915,932,915,922,920,929,494
1256,917,930,913,928,913,920,918,926,42
1257,916,930,913,928,913,919,918,926,0
1258,916,931,913,929,914,920,918,927,0
1259,920,936,916,934,915,924,921,932,14
1260,927,951,921,948,921,938,928,946,78
1261,968,1045,959,1036,959,1023,972,1037,474
1262,968,1045,959,1036,959,1023,971,1036,474
1263,983,1076,971,1065,972,1053,987,1068,1360
1264,1006,1127,991,1114,994,1101,1011,1116,1762
1265,1011,1139,995,1126,1001,1113,1017,1129,2366
1266,1033,1191,1017,1176,1024,1164,1041,1180,2628
1267,1046,1221,1029,1206,1038,1192,1055,1209,3252
1268,1044,1217,1027,1204,1036,1191,1054,1207,3502
1269,1023,1171,1011,1159,1017,1146,1029,1160,3458
1270,996,1109,986,1100,990,1086,1001,1099,2752
1271,953,1014,947,1008,946,995,955,1006,1930
1272,941,986,936,981,935,969,942,978,872
1273,929,956,924,953,923,943,929,951,568
1274,917,931,914,930,915,920,919,927,254
1275,916,930,913,928,913,919,918,926,24
1276,916,930,913,928,913,920,918,926,24
1277,917,930,913,928,914,919,918,925,0
1278,916,931,912,928,913,919,918,927,0
1279,916,930,913,928,913,920,918,926,0
1280,917,931,913,928,913,920,918,926,0
1281,917,931,914,929,914,920,919,927,0
1282,917,931,914,928,915,919,919,927,8
1283,921,939,917,936,915,927,922,935,16
1284,927,953,922,950,920,940,928,948,130
1285,934,964,927,960,926,950,934,959,278
1286,938,977,931,971,930,960,940,971,434
1287,944,988,936,983,936,971,945,982,588
1288,943,988,936,983,935,971,945,982,688
1289,952,1009,944,1003,944,991,955,1002,708
1290,955,1013,945,1005,946,993,957,1004,708
1291,965,1036,956,1027,956,1015,968,1027,986
1292,976,1061,964,1051,966,1039,979,1052,1288
1293,978,1064,967,1055,968,1042,981,1056,1288
1294,976,1062,966,1053,967,1039,980,1054,1560
1295,980,1070,968,1060,970,1048,984,1062,1578
1296,998,1111,984,1100,988,1087,1003,1101,1762
1297,1000,1119,988,1107,992,1093,1007,1109,2194
1298,1008,1131,993,1120,997,1106,1013,1122,2278
1299,1019,1159,1004,1147,1010,1134,1026,1150,2478
1300,1019,1162,1005,1149,1011,1136,1027,1151,2478
1301,1024,1173,1010,1160,1016,1147,1033,1163,2796
1302,1027,1178,1011,1165,1018,1151,1034,1167,2964
1303,1004,1125,993,1116,996,1102,1008,1115,2926
1304,988,1094,979,1085,983,1071,993,1084,2232
1305,986,1087,977,1079,979,1065,990,1079,1980
1306,961,1031,955,1024,954,1011,963,1023,1766
1307,953,1011,946,1004,945,992,954,1002,1162
1308,943,990,938,984,936,974,944,983,942
1309,944,990,938,985,938,974,944,983,942
1310,933,965,929,961,927,950,933,958,698
1311,933,965,928,962,927,951,934,960,436
1312,919,933,915,931,915,922,919,929,380
1313,916,931,914,929,915,920,919,927,56
1314,924,946,920,943,919,933,925,941,16
1315,940,978,932,973,931,962,941,972,276
1316,939,978,932,972,932,961,940,972,560
1317,954,1011,944,1004,944,992,956,1004,576
1318,958,1020,948,1012,949,1000,960,1012,972
1319,962,1028,952,1020,952,1008,964,1021,1062
1320,994,1104,982,1092,986,1080,1000,1095,1398
1321,995,1103,982,1091,985,1078,1000,1094,1398
1322,993,1103,980,1091,984,1078,999,1092,2068
1323,1007,1131,993,1119,997,1104,1013,1120,2080
1324,1017,1155,1002,1142,1008,1128,1024,1144,2468
1325,1026,1175,1011,1161,1017,1148,1033,1164,2740
1326,1035,1195,1019,1181,1026,1167,1043,1184,3004
1327,1033,1191,1018,1178,1025,1166,1041,1181,3194
1328,1033,1193,1018,1180,1025,1167,1042,1182,3194
1329,1017,1158,1006,1148,1011,1134,1023,1147,3140
1330,1016,1156,1005,1145,1010,1132,1023,1144,2778
1331,986,1087,977,1079,979,1065,990,1079,2586
1332,959,1024,952,1016,952,1004,960,1016,1750
1333,944,989,938,984,937,972,944,982,1076
1334,933,968,929,965,928,953,934,962,688
1335,918,935,916,933,915,924,920,931,380
1336,916,930,913,928,913,919,918,925,62
1337,916,930,913,928,914,919,919,926,0
1338,916,929,913,928,913,919,918,926,0
1339,916,930,913,928,913,919,918,926,0
1340,919,934,915,931,915,923,919,928,6
1341,919,933,915,931,915,922,920,929,40
1342,924,945,919,942,918,932,926,940,54
1343,942,983,935,977,933,966,943,976,236
1344,955,1014,945,1007,945,994,957,1007,652
1345,955,1014,945,1006,945,994,956,1006,652
1346,960,1024,950,1016,951,1004,961,1016,976
1347,1000,1116,986,1104,990,1091,1006,1106,1328
1348,1004,1124,991,1112,995,1099,1009,1114,2252
1349,1028,1182,1013,1167,1020,1155,1036,1169,2364
1350,1044,1216,1028,1201,1036,1190,1054,1206,3146
1351,1043,1215,1027,1200,1035,1187,1052,1203,3476
1352,1043,1214,1027,1200,1035,1186,1052,1203,3454
1353,1014,1150,1003,1139,1008,1126,1020,1139,3230
1354,1015,1151,1003,1140,1008,1127,1020,1140,2684
1355,988,1089,979,1081,980,1067,992,1080,2516
1356,960,1029,954,1023,954,1008,962,1020,1776
1357,959,1027,952,1021,952,1008,961,1019,1776
1358,946,996,941,992,940,979,947,989,1100
1359,947,997,942,992,941,979,949,990,798
1360,934,969,928,966,928,954,935,963,762
1361,932,966,927,963,927,951,933,960,460
1362,927,953,924,950,922,940,928,948,424
1363,919,935,916,934,915,924,920,930,274
1364,918,934,914,932,914,923,919,929,60
1365,917,929,913,928,914,918,918,925,44
1366,916,930,913,928,913,919,918,926,6
1367,918,932,914,930,915,921,919,928,0
1368,939,977,931,972,931,960,940,971,90
1369,950,1003,942,996,941,984,952,995,658
1370,959,1021,949,1014,949,1000,961,1014,862
1371,978,1067,967,1056,967,1043,982,1057,1174
1372,980,1070,968,1059,969,1047,984,1061,1174
1373,984,1080,973,1070,974,1056,990,1071,1682
1374,1000,1117,987,1104,990,1091,1006,1107,1808
1375,999,1114,985,1102,989,1089,1004,1104,2164
1376,1004,1126,990,1114,993,1100,1010,1117,2206
1377,1028,1182,1013,1167,1020,1154,1036,1170,2508
1378,1038,1201,1021,1187,1028,1174,1046,1190,3082
1379,1034,1198,1021,1185,1028,1172,1043,1185,3276
1380,1004,1127,993,1117,997,1103,1009,1117,2992
1381,961,1030,954,1023,954,1009,963,1022,2192
1382,931,963,927,960,926,948,932,957,1074
1383,922,941,918,939,918,929,923,935,352
1384,917,931,914,929,914,920,918,927,88
1385,920,938,916,935,916,926,922,933,16
1386,941,983,933,977,933,967,942,977,190
1387,953,1009,945,1004,945,991,956,1003,678
1388,993,1102,981,1091,984,1077,999,1092,1146
1389,995,1107,983,1096,986,1082,1000,1097,1146
1390,994,1103,981,1093,984,1079,999,1094,2008
1391,1005,1128,991,1115,995,1102,1011,1118,2088
1392,1023,1168,1008,1155,1015,1141,1031,1158,2446
1393,1027,1179,1012,1165,1019,1151,1035,1168,2918
1394,1026,1176,1011,1162,1018,1149,1034,1166,3000
1395,1026,1175,1011,1161,1017,1148,1033,1164,2978
1396,1015,1153,1004,1142,1009,1128,1021,1142,2966
1397,1006,1131,995,1121,999,1107,1010,1120,2642
1398,986,1085,976,1076,979,1062,989,1075,2324
1399,958,1022,950,1016,951,1003,959,1014,1718
1400,954,1016,948,1010,947,997,956,1008,1718
1401,944,993,939,990,939,976,946,986,998
1402,956,1018,947,1010,947,998,959,1011,778
1403,964,1036,955,1027,956,1015,968,1027,1116
1404,965,1036,955,1027,956,1016,967,1028,1116
1405,981,1073,969,1063,972,1049,986,1064,1278
1406,1004,1126,990,1114,994,1100,1011,1116,1794
1407,1007,1132,992,1119,997,1105,1013,1121,1794
1408,1015,1150,1000,1138,1006,1124,1022,1140,2406
1409,1016,1155,1002,1143,1008,1129,1024,1144,2690
1410,1016,1153,1001,1142,1008,1128,1023,1144,2712
1411,999,1119,989,1108,993,1094,1004,1108,2692
1412,996,1111,987,1102,990,1087,1001,1101,2692
1413,984,1084,975,1075,976,1060,988,1073,2132
1414,976,1066,968,1057,970,1044,980,1055,1852
1415,950,1008,945,1002,944,990,952,1000,1456
1416,951,1008,945,1003,945,990,953,1000,946
1417,935,972,931,968,929,957,936,966,872
1418,935,971,931,967,929,956,936,964,522
1419,935,970,931,967,929,956,935,964,522
1420,927,954,923,952,923,941,928,949,492
1421,921,940,917,938,917,928,921,935,272
1422,920,939,918,938,917,928,922,935,272
1423,920,940,918,938,917,928,921,935,124
1424,916,930,913,928,913,919,918,926,94
1425,916,930,913,928,913,920,917,927,6
1426,927,951,920,947,920,937,928,945,20
1427,931,961,926,957,924,946,932,956,274
1428,946,995,938,988,938,976,948,988,390
1429,967,1042,958,1033,959,1020,971,1034,884
1430,969,1045,958,1036,959,1023,971,1036,1348
1431,987,1087,975,1077,977,1064,992,1080,1388
1432,992,1100,980,1089,983,1075,998,1090,1388
1433,1001,1120,988,1108,992,1095,1008,1110,1986
1434,1002,1120,989,1108,992,1095,1008,1111,2282
1435,1025,1175,1009,1162,1016,1148,1033,1164,2390
1436,1035,1197,1019,1182,1027,1169,1043,1185,3052
1437,1035,1196,1019,1182,1027,1169,1043,1185,3052
1438,1031,1189,1018,1177,1025,1164,1039,1179,3226
1439,984,1086,976,1077,978,1063,989,1076,2734
1440,985,1087,975,1078,978,1063,990,1077,1888
1441,949,1003,943,997,943,985,951,995,1514
1442,950,1004,944,999,944,987,952,997,888
1443,933,966,928,962,928,951,934,960,834
1444,922,944,919,942,918,931,924,939,350
1445,915,930,913,928,912,919,916,925,106
1446,916,929,912,927,912,918,917,926,0
1447,916,929,913,928,913,919,918,926,0
1448,916,930,912,927,913,919,918,926,0
1449,916,930,913,928,913,919,918,925,0
